id,firstName,lastName,classLevel,gpa
5dc414defc13ae2d4d000000,Othella,Raynham,4,1.21
5dc414defc13ae2d4d000001,Regen,Noot,4,2.36
5dc414defc13ae2d4d000002,Natka,Brettelle,2,1.3
5dc414defc13ae2d4d000003,Therine,Taylerson,2,1.72
5dc414defc13ae2d4d000004,Nelle,Lazare,1,2.34
5dc414defc13ae2d4d000005,Lorain,Braznell,2,3.2
5dc414defc13ae2d4d000006,Eveleen,Showt,3,1.98
5dc414defc13ae2d4d000007,Pierson,Slafford,4,1.43
5dc414defc13ae2d4d000008,Arline,Wakely,1,2.29
5dc414defc13ae2d4d000009,Petr,Bradmore,1,3.04
5dc414defc13ae2d4d00000a,Ellsworth,Narbett,2,1.8
5dc414defc13ae2d4d00000b,Dehlia,Rabl,4,2.66
5dc414defc13ae2d4d00000c,Laurella,Sellstrom,2,1.31
5dc414defc13ae2d4d00000d,Der,Pifford,3,2.9
5dc414defc13ae2d4d00000e,Yehudit,Baggalley,3,1.66
5dc414defc13ae2d4d00000f,Phyllis,Lawless,4,2.28
5dc414defc13ae2d4d000010,Bartholomeo,Morrott,2,2.74
5dc414defc13ae2d4d000011,Pernell,Ewestace,4,2.36
5dc414defc13ae2d4d000012,Marnia,Figger,2,2.18
5dc414defc13ae2d4d000013,Lyndell,Noir,4,3.27
5dc414defc13ae2d4d000014,Brien,Coldrick,3,2.32
5dc414defc13ae2d4d000015,Mandi,Hultberg,4,2.9
5dc414defc13ae2d4d000016,Corilla,Tatters,2,2.55
5dc414defc13ae2d4d000017,Maddi,Gosnold,2,1.85
5dc414defc13ae2d4d000018,Davide,Schaumann,2,3.19
5dc414defc13ae2d4d000019,Haleigh,Cade,3,1.28
5dc414defc13ae2d4d00001a,Harley,Gerok,1,1.02
5dc414defc13ae2d4d00001b,Jinny,Holdall,3,2.2
5dc414defc13ae2d4d00001c,Davon,Troy,4,1.67
5dc414defc13ae2d4d00001d,Kippar,Woodland,3,3.84
5dc414defc13ae2d4d00001e,Cheri,Schoffel,1,3.65
5dc414defc13ae2d4d00001f,Cordell,Paddle,4,3.26
5dc414defc13ae2d4d000020,Tiffie,Crosfield,2,2.07
5dc414defc13ae2d4d000021,Dimitri,Fogt,4,2.55
5dc414defc13ae2d4d000022,Alexei,Siberry,4,2.81
5dc414defc13ae2d4d000023,Jojo,Turney,4,3.73
5dc414defc13ae2d4d000024,Rosita,Stait,2,2.74
5dc414defc13ae2d4d000025,Molli,Evennett,3,3.62
5dc414defc13ae2d4d000026,Merrili,Carrack,1,1.82
5dc414defc13ae2d4d000027,Erin,Balmforth,1,3.99
5dc414defc13ae2d4d000028,Livvie,O' Reagan,1,3.83
5dc414defc13ae2d4d000029,Josee,Bowstead,3,3.96
5dc414defc13ae2d4d00002a,Willey,Glandon,1,1.62
5dc414defc13ae2d4d00002b,Lilllie,Manuel,2,3.9
5dc414defc13ae2d4d00002c,Barth,Ledward,3,1.29
5dc414defc13ae2d4d00002d,Filbert,Kitteman,1,2.74
5dc414defc13ae2d4d00002e,Matias,Bunch,2,3.67
5dc414defc13ae2d4d00002f,Gar,Costell,3,3.23
5dc414defc13ae2d4d000030,Sheelagh,Kemell,2,2.71
5dc414defc13ae2d4d000031,Dolly,De Maria,1,3.75
5dc414defc13ae2d4d000032,Sargent,Selborne,3,1.67
5dc414defc13ae2d4d000033,Shela,Tourot,1,2.96
5dc414defc13ae2d4d000034,Arthur,Trenholme,2,3.34
5dc414defc13ae2d4d000035,Clemente,Skally,1,1.41
5dc414defc13ae2d4d000036,Kali,Endle,2,2.17
5dc414defc13ae2d4d000037,Justine,Clissett,1,2.62
5dc414defc13ae2d4d000038,Alice,Glanister,2,2.77
5dc414defc13ae2d4d000039,Stan,Acton,2,1.76
5dc414defc13ae2d4d00003a,Gerry,Goodwins,1,3.32
5dc414defc13ae2d4d00003b,Vikki,Feben,3,2.15
5dc414defc13ae2d4d00003c,Cristi,Cheley,3,1.31
5dc414defc13ae2d4d00003d,Kassandra,Sterman,3,1.58
5dc414defc13ae2d4d00003e,Onfre,Hathaway,1,3.28
5dc414defc13ae2d4d00003f,Allistir,Hause,4,3.76
5dc414defc13ae2d4d000040,Mair,Nyles,1,2.73
5dc414defc13ae2d4d000041,Laughton,Lutton,4,1.57
5dc414defc13ae2d4d000042,Morty,Rodway,1,2.79
5dc414defc13ae2d4d000043,Shana,McKirdy,1,1.5
5dc414defc13ae2d4d000044,Gerry,Cajkler,2,1.77
5dc414defc13ae2d4d000045,Carlyn,Belvin,1,3.97
5dc414defc13ae2d4d000046,Carlin,Iacovozzo,2,3.09
5dc414defc13ae2d4d000047,Fleur,Meader,1,2.35
5dc414defc13ae2d4d000048,Shaina,Boxell,4,3.39
5dc414defc13ae2d4d000049,Gustavo,Eastment,4,2.87
5dc414defc13ae2d4d00004a,Merv,Avramovich,3,2.62
5dc414defc13ae2d4d00004b,Sidoney,Lechmere,1,1.85
5dc414defc13ae2d4d00004c,Anjela,Gomes,4,2.68
5dc414defc13ae2d4d00004d,Nani,Drewes,3,1.18
5dc414defc13ae2d4d00004e,Lillian,Serrurier,2,3.63
5dc414defc13ae2d4d00004f,Hamlen,Mahmood,2,1.02
5dc414defc13ae2d4d000050,Anitra,Rawlingson,2,2.01
5dc414defc13ae2d4d000051,Benito,Snaddon,1,2.96
5dc414defc13ae2d4d000052,Fairlie,Point,1,1.0
5dc414defc13ae2d4d000053,Donna,Tokley,4,1.45
5dc414defc13ae2d4d000054,Suzie,Curedell,3,2.95
5dc414defc13ae2d4d000055,Wendell,Beeke,1,2.47
5dc414defc13ae2d4d000056,Jonis,Loftie,3,3.57
5dc414defc13ae2d4d000057,Josey,Marsters,4,3.59
5dc414defc13ae2d4d000058,Shirlene,Calveley,3,1.17
5dc414defc13ae2d4d000059,Taylor,Dungey,4,1.78
5dc414defc13ae2d4d00005a,Porty,Bryer,4,3.84
5dc414defc13ae2d4d00005b,Hanna,Tilby,4,3.57
5dc414defc13ae2d4d00005c,Ofilia,Fargher,3,1.65
5dc414defc13ae2d4d00005d,Gayle,Lumber,4,2.89
5dc414defc13ae2d4d00005e,Kirstyn,Acosta,2,1.71
5dc414defc13ae2d4d00005f,Frederic,Frend,3,1.19
5dc414defc13ae2d4d000060,Erich,Longhi,3,1.14
5dc414defc13ae2d4d000061,Othello,Ballach,3,3.86
5dc414defc13ae2d4d000062,Madonna,Calcraft,4,3.84
5dc414defc13ae2d4d000063,Jeannine,Norfolk,4,3.4
5dc414defc13ae2d4d000064,Tripp,Conn,4,1.88
5dc414defc13ae2d4d000065,Kellen,Heeran,3,3.64
5dc414defc13ae2d4d000066,Eal,Welford,4,1.26
5dc414defc13ae2d4d000067,Broderic,Lucy,3,2.83
5dc414defc13ae2d4d000068,Carolus,Doerrling,1,2.55
5dc414defc13ae2d4d000069,Wenonah,Stormouth,4,2.69
5dc414defc13ae2d4d00006a,Alonzo,Sidon,1,2.04
5dc414defc13ae2d4d00006b,Nolana,Palphramand,4,2.28
5dc414defc13ae2d4d00006c,Bernette,Shippey,2,1.47
5dc414defc13ae2d4d00006d,Lowrance,Cawood,3,2.03
5dc414defc13ae2d4d00006e,Merilee,Hearon,2,1.68
5dc414defc13ae2d4d00006f,Alfonse,Purshouse,3,3.66
5dc414defc13ae2d4d000070,Cherilynn,Stampe,4,2.55
5dc414defc13ae2d4d000071,Corella,Alman,4,3.52
5dc414defc13ae2d4d000072,Allene,Lynch,4,2.74
5dc414defc13ae2d4d000073,Maddy,Goosey,3,3.39
5dc414defc13ae2d4d000074,Dwayne,Juzek,2,1.33
5dc414defc13ae2d4d000075,Lane,Blacklidge,4,2.59
5dc414defc13ae2d4d000076,Vito,Acom,3,3.33
5dc414defc13ae2d4d000077,Jean,Sadat,4,1.36
5dc414defc13ae2d4d000078,Olenolin,Shergill,3,2.87
5dc414defc13ae2d4d000079,Tresa,Cicchinelli,1,1.35
5dc414defc13ae2d4d00007a,Eldin,Baal,3,2.97
5dc414defc13ae2d4d00007b,Emalee,Dalliwatr,1,2.2
5dc414defc13ae2d4d00007c,Nealy,Loudwell,4,2.76
5dc414defc13ae2d4d00007d,Zeke,Gravey,4,1.45
5dc414defc13ae2d4d00007e,Stepha,Lillywhite,2,3.56
5dc414defc13ae2d4d00007f,Brenna,McKennan,3,3.86
5dc414defc13ae2d4d000080,Kellby,D'Oyly,2,3.9
5dc414defc13ae2d4d000081,Trude,Skace,3,2.86
5dc414defc13ae2d4d000082,Guy,Bouzek,4,2.75
5dc414defc13ae2d4d000083,Jeffrey,Champe,3,1.29
5dc414defc13ae2d4d000084,Denny,Bootman,1,2.75
5dc414defc13ae2d4d000085,Kylynn,Ferenc,2,1.71
5dc414defc13ae2d4d000086,Kattie,Charrington,4,2.46
5dc414defc13ae2d4d000087,Helaina,Sloss,3,3.31
5dc414defc13ae2d4d000088,Celestina,Gwatkins,3,1.86
5dc414defc13ae2d4d000089,Phaidra,Grindall,2,1.99
5dc414defc13ae2d4d00008a,Jocelyne,Cunnah,1,2.04
5dc414defc13ae2d4d00008b,Kimberlee,Zipsell,2,1.43
5dc414defc13ae2d4d00008c,Corbie,Graeser,4,2.6
5dc414defc13ae2d4d00008d,Cassie,Iscowitz,2,1.68
5dc414defc13ae2d4d00008e,Tonya,Boutton,2,3.78
5dc414defc13ae2d4d00008f,Manon,Pattington,1,2.73
5dc414defc13ae2d4d000090,Kalli,Whimper,1,3.03
5dc414defc13ae2d4d000091,Sula,Baumber,2,2.15
5dc414defc13ae2d4d000092,Keene,Tackell,2,3.87
5dc414defc13ae2d4d000093,Tally,Rye,2,2.13
5dc414defc13ae2d4d000094,Joannes,Zmitrichenko,3,3.93
5dc414defc13ae2d4d000095,Stan,Surgenor,4,3.94
5dc414defc13ae2d4d000096,Ephrem,Benettelli,4,3.7
5dc414defc13ae2d4d000097,Rudolph,Benford,1,2.13
5dc414defc13ae2d4d000098,Cash,Marson,2,1.7
5dc414defc13ae2d4d000099,Ahmed,Karczinski,4,3.52
5dc414defc13ae2d4d00009a,Gisela,Goldis,4,1.36
5dc414defc13ae2d4d00009b,Lira,Ghelardoni,2,3.9
5dc414defc13ae2d4d00009c,Ines,Dorrian,1,3.26
5dc414defc13ae2d4d00009d,Nowell,Lung,2,3.74
5dc414defc13ae2d4d00009e,Cody,Westwell,3,3.1
5dc414defc13ae2d4d00009f,Fabiano,Hartil,3,1.23
5dc414defc13ae2d4d0000a0,Pavlov,Silbersak,3,1.87
5dc414defc13ae2d4d0000a1,Chelsey,Hugnet,2,2.97
5dc414defc13ae2d4d0000a2,Karel,Gittins,3,1.74
5dc414defc13ae2d4d0000a3,Carlie,Gleadle,3,1.55
5dc414defc13ae2d4d0000a4,Shir,Andell,4,2.11
5dc414defc13ae2d4d0000a5,Tabbitha,Epilet,2,2.12
5dc414defc13ae2d4d0000a6,Den,Wotherspoon,1,1.71
5dc414defc13ae2d4d0000a7,Leigha,Curwen,4,3.4
5dc414defc13ae2d4d0000a8,Odie,Oneil,1,3.48
5dc414defc13ae2d4d0000a9,Egon,Gurg,1,1.54
5dc414defc13ae2d4d0000aa,Sax,Croxford,3,1.0
5dc414defc13ae2d4d0000ab,Patrice,Esch,1,3.53
5dc414defc13ae2d4d0000ac,Marcelline,Treweek,4,3.64
5dc414defc13ae2d4d0000ad,Anjela,Manifold,2,3.28
5dc414defc13ae2d4d0000ae,Bealle,Kermon,2,1.82
5dc414defc13ae2d4d0000af,Moe,Longcake,3,3.99
5dc414defc13ae2d4d0000b0,Domenico,Crosham,1,2.1
5dc414defc13ae2d4d0000b1,Bondy,Alchin,4,1.1
5dc414defc13ae2d4d0000b2,Effie,Tiffney,4,3.24
5dc414defc13ae2d4d0000b3,Thacher,Goldsby,1,1.83
5dc414defc13ae2d4d0000b4,Yetta,Matten,1,2.17
5dc414defc13ae2d4d0000b5,Ivy,Fantham,2,1.22
5dc414defc13ae2d4d0000b6,Anett,Pallent,1,3.53
5dc414defc13ae2d4d0000b7,Rorie,Loncaster,2,2.46
5dc414defc13ae2d4d0000b8,Kristyn,Furlonge,4,2.11
5dc414defc13ae2d4d0000b9,Tedmund,Sawdon,3,2.62
5dc414defc13ae2d4d0000ba,Katherina,Hembery,4,3.02
5dc414defc13ae2d4d0000bb,Fergus,Tipple,4,3.05
5dc414defc13ae2d4d0000bc,Hercule,Lakin,1,1.09
5dc414defc13ae2d4d0000bd,Sutton,Richings,1,2.28
5dc414defc13ae2d4d0000be,Annmarie,Faughny,1,2.6
5dc414defc13ae2d4d0000bf,Edlin,Lucks,4,3.73
5dc414defc13ae2d4d0000c0,Elbertina,Dumbelton,4,3.79
5dc414defc13ae2d4d0000c1,Laetitia,Lawerence,4,2.93
5dc414defc13ae2d4d0000c2,Benito,Oldershaw,1,3.04
5dc414defc13ae2d4d0000c3,Addia,Candish,2,1.52
5dc414defc13ae2d4d0000c4,Muire,Banbridge,4,1.63
5dc414defc13ae2d4d0000c5,Bathsheba,Baythrop,2,1.61
5dc414defc13ae2d4d0000c6,Shawna,Jerrard,3,1.36
5dc414defc13ae2d4d0000c7,Elizabeth,Shimoni,2,1.07
5dc414defc13ae2d4d0000c8,Maire,Honack,3,1.88
5dc414defc13ae2d4d0000c9,Sindee,Rocks,4,1.64
5dc414defc13ae2d4d0000ca,Danit,Taylorson,4,3.6
5dc414defc13ae2d4d0000cb,Waldon,Weatherhead,4,3.12
5dc414defc13ae2d4d0000cc,Cale,Strowthers,2,1.84
5dc414defc13ae2d4d0000cd,Meghann,Melody,1,3.57
5dc414defc13ae2d4d0000ce,Currie,Blacklock,1,2.55
5dc414defc13ae2d4d0000cf,Lilian,Canham,4,3.92
5dc414defc13ae2d4d0000d0,Douglas,Ickovits,2,3.61
5dc414defc13ae2d4d0000d1,Gwen,Pipkin,3,2.02
5dc414defc13ae2d4d0000d2,Anabelle,Sybe,1,3.54
5dc414defc13ae2d4d0000d3,Almira,Klausewitz,3,3.31
5dc414defc13ae2d4d0000d4,Land,Kondratenko,2,2.73
5dc414defc13ae2d4d0000d5,Rhys,Sparrowhawk,1,2.0
5dc414defc13ae2d4d0000d6,Christen,Gepson,4,3.66
5dc414defc13ae2d4d0000d7,Von,McGenn,3,3.54
5dc414defc13ae2d4d0000d8,Vikki,Felder,4,1.82
5dc414defc13ae2d4d0000d9,Worth,Oty,1,2.05
5dc414defc13ae2d4d0000da,Cody,Prier,2,3.92
5dc414defc13ae2d4d0000db,Aubrey,Cuttell,1,1.95
5dc414defc13ae2d4d0000dc,Vasili,Jimmison,2,2.09
5dc414defc13ae2d4d0000dd,Marion,Hanse,1,3.31
5dc414defc13ae2d4d0000de,Alfi,Mewhirter,1,3.49
5dc414defc13ae2d4d0000df,Orelee,Richly,4,2.41
5dc414defc13ae2d4d0000e0,Cindie,Nodes,4,2.64
5dc414defc13ae2d4d0000e1,Pearl,Lugg,3,1.29
5dc414defc13ae2d4d0000e2,Stewart,Plumtree,1,1.61
5dc414defc13ae2d4d0000e3,Kassey,Berkely,4,1.61
5dc414defc13ae2d4d0000e4,Lise,Euplate,4,3.65
5dc414defc13ae2d4d0000e5,Haslett,Freeburn,3,2.24
5dc414defc13ae2d4d0000e6,Felita,Triggs,4,2.85
5dc414defc13ae2d4d0000e7,Abbie,Saby,4,2.67
5dc414defc13ae2d4d0000e8,Arte,Sidaway,3,3.58
5dc414defc13ae2d4d0000e9,Sandie,Escudier,3,2.05
5dc414defc13ae2d4d0000ea,Lora,Greatbatch,2,3.11
5dc414defc13ae2d4d0000eb,Kippie,Glencrosche,1,1.54
5dc414defc13ae2d4d0000ec,Filide,Prodrick,1,1.75
5dc414defc13ae2d4d0000ed,Shane,Dymick,3,1.85
5dc414defc13ae2d4d0000ee,Pen,Ghiraldi,4,1.3
5dc414defc13ae2d4d0000ef,Lorinda,Idney,3,1.52
5dc414defc13ae2d4d0000f0,Armando,Haime,4,2.96
5dc414defc13ae2d4d0000f1,Norean,Folca,3,1.35
5dc414defc13ae2d4d0000f2,Rafe,Unworth,1,2.04
5dc414defc13ae2d4d0000f3,Penelope,Noads,1,3.5
5dc414defc13ae2d4d0000f4,Gareth,Carlos,2,2.41
5dc414defc13ae2d4d0000f5,Brittaney,Stock,1,3.49
5dc414defc13ae2d4d0000f6,Janessa,Hargess,4,1.56
5dc414defc13ae2d4d0000f7,Feliks,Beazey,2,3.18
5dc414defc13ae2d4d0000f8,Brianne,Burkart,1,3.29
5dc414defc13ae2d4d0000f9,Betsey,Kocher,3,2.57
5dc414defc13ae2d4d0000fa,Earlie,Wickersley,2,1.07
5dc414defc13ae2d4d0000fb,Bill,Hamblin,2,2.28
5dc414defc13ae2d4d0000fc,Alair,Vanyashin,2,3.33
5dc414defc13ae2d4d0000fd,Lucita,Bront,2,3.94
5dc414defc13ae2d4d0000fe,Lanie,Marryatt,4,2.33
5dc414defc13ae2d4d0000ff,Curran,Hubble,4,3.08
5dc414defc13ae2d4d000100,Enriqueta,Top,4,2.54
5dc414defc13ae2d4d000101,Shermy,Lyddyard,3,3.2
5dc414defc13ae2d4d000102,Felix,Ogdahl,3,3.49
5dc414defc13ae2d4d000103,Duky,Parslow,1,2.32
5dc414defc13ae2d4d000104,Marcello,Gromley,2,3.96
5dc414defc13ae2d4d000105,Eryn,Knoton,2,1.92
5dc414defc13ae2d4d000106,Gary,Lankham,2,1.04
5dc414defc13ae2d4d000107,Lorant,Fowell,1,1.43
5dc414defc13ae2d4d000108,Marshall,Rosenvasser,3,3.76
5dc414defc13ae2d4d000109,Howey,Blacksland,1,3.46
5dc414defc13ae2d4d00010a,Millicent,Vere,2,1.26
5dc414defc13ae2d4d00010b,Minerva,Jordon,3,1.05
5dc414defc13ae2d4d00010c,Nestor,Rolfi,1,3.15
5dc414defc13ae2d4d00010d,Curran,Apfler,3,1.78
5dc414defc13ae2d4d00010e,Alwin,Anstis,2,1.24
5dc414defc13ae2d4d00010f,Inna,Morlon,4,2.02
5dc414defc13ae2d4d000110,Howie,Pengelly,2,3.75
5dc414defc13ae2d4d000111,Rosy,O'Heagertie,2,3.11
5dc414defc13ae2d4d000112,Marnia,Cockley,4,2.46
5dc414defc13ae2d4d000113,Wendall,Lovstrom,2,1.64
5dc414dffc13ae2d4d000114,Jasen,Freckelton,1,2.59
5dc414dffc13ae2d4d000115,Courtnay,Duling,3,2.71
5dc414dffc13ae2d4d000116,Serge,Gorick,3,2.62
5dc414dffc13ae2d4d000117,Archibaldo,Giovannilli,2,3.02
5dc414dffc13ae2d4d000118,Gaspard,Bremeyer,1,1.25
5dc414dffc13ae2d4d000119,Damita,Nassau,1,2.85
5dc414dffc13ae2d4d00011a,Inna,Kender,4,3.53
5dc414dffc13ae2d4d00011b,Hurlee,Trapp,1,1.25
5dc414dffc13ae2d4d00011c,Ricky,Bruffell,2,2.56
5dc414dffc13ae2d4d00011d,Beverly,Serjeant,1,3.16
5dc414dffc13ae2d4d00011e,Donnie,Hrinishin,2,2.43
5dc414dffc13ae2d4d00011f,Genevra,Bellie,2,2.65
5dc414dffc13ae2d4d000120,Sofia,Brinson,4,1.71
5dc414dffc13ae2d4d000121,Maurie,Heinert,1,2.46
5dc414dffc13ae2d4d000122,Irving,Birtwhistle,1,3.83
5dc414dffc13ae2d4d000123,Colly,Holburn,1,3.1
5dc414dffc13ae2d4d000124,Ertha,Yarnton,2,3.63
5dc414dffc13ae2d4d000125,Louise,Fleet,2,2.11
5dc414dffc13ae2d4d000126,Quillan,Padrick,1,1.92
5dc414dffc13ae2d4d000127,Denis,Boor,4,2.56
5dc414dffc13ae2d4d000128,Melisande,Badland,4,1.29
5dc414dffc13ae2d4d000129,Dionysus,Martinelli,4,3.07
5dc414dffc13ae2d4d00012a,Burgess,Trythall,3,3.14
5dc414dffc13ae2d4d00012b,Kimberlee,Tunaclift,2,2.63
5dc414dffc13ae2d4d00012c,Alain,Pennetti,3,2.48
5dc414dffc13ae2d4d00012d,Margot,Charrisson,2,3.85
5dc414dffc13ae2d4d00012e,Britni,Robelow,2,2.87
5dc414dffc13ae2d4d00012f,Thekla,Haccleton,3,3.09
5dc414dffc13ae2d4d000130,Francklin,Ferraro,2,1.66
5dc414dffc13ae2d4d000131,Garreth,Hagley,3,3.34
5dc414dffc13ae2d4d000132,Bryce,Winyard,4,3.93
5dc414dffc13ae2d4d000133,Nils,Gildea,4,3.88
5dc414dffc13ae2d4d000134,Terrye,Fagan,2,1.79
5dc414dffc13ae2d4d000135,Aviva,Schild,4,3.09
5dc414dffc13ae2d4d000136,Waiter,Pringuer,3,2.56
5dc414dffc13ae2d4d000137,Valle,Storer,1,1.4
5dc414dffc13ae2d4d000138,Addie,Jest,3,2.49
5dc414dffc13ae2d4d000139,Mercie,Finnie,4,1.17
5dc414dffc13ae2d4d00013a,Sully,Bezant,1,2.72
5dc414dffc13ae2d4d00013b,Gilda,Crumb,1,2.51
5dc414dffc13ae2d4d00013c,Jacky,Allmen,4,1.33
5dc414dffc13ae2d4d00013d,Merwyn,Getley,1,1.53
5dc414dffc13ae2d4d00013e,Dexter,Scheffel,1,2.49
5dc414dffc13ae2d4d00013f,Enoch,Gunter,1,2.99
5dc414dffc13ae2d4d000140,Olvan,Manuaud,3,2.21
5dc414dffc13ae2d4d000141,Benedetta,Lagne,4,1.83
5dc414dffc13ae2d4d000142,Barth,Perrat,4,2.03
5dc414dffc13ae2d4d000143,Anet,Westfield,1,2.41
5dc414dffc13ae2d4d000144,Ulrikaumeko,Rigard,4,1.65
5dc414dffc13ae2d4d000145,Glynis,Mintrim,4,3.62
5dc414dffc13ae2d4d000146,Liane,Horry,1,3.59
5dc414dffc13ae2d4d000147,Guillemette,Dimblebee,2,1.48
5dc414dffc13ae2d4d000148,Maren,Woolfenden,1,2.83
5dc414dffc13ae2d4d000149,Margot,Kundt,1,1.41
5dc414dffc13ae2d4d00014a,Julietta,Pepineaux,1,2.4
5dc414dffc13ae2d4d00014b,Farah,Sinisbury,1,3.18
5dc414dffc13ae2d4d00014c,Vere,Tuftin,2,1.26
5dc414dffc13ae2d4d00014d,Elspeth,Cessford,1,3.18
5dc414dffc13ae2d4d00014e,Harriette,Proby,4,2.45
5dc414dffc13ae2d4d00014f,Gilbertina,Yexley,2,3.88
5dc414dffc13ae2d4d000150,Dame,Paszak,2,3.59
5dc414dffc13ae2d4d000151,Essie,Raeside,3,2.67
5dc414dffc13ae2d4d000152,Ailyn,Bazylets,4,2.79
5dc414dffc13ae2d4d000153,Gracie,Bohills,3,3.55
5dc414dffc13ae2d4d000154,Minnaminnie,Prozescky,3,2.66
5dc414dffc13ae2d4d000155,Celesta,Paulus,4,1.79
5dc414dffc13ae2d4d000156,Yul,Tidbury,4,1.74
5dc414dffc13ae2d4d000157,Julie,Cocks,2,1.93
5dc414dffc13ae2d4d000158,Arturo,Tumulty,2,1.93
5dc414dffc13ae2d4d000159,Hadria,Adran,2,1.2
5dc414dffc13ae2d4d00015a,Dulcine,Caseri,4,1.16
5dc414dffc13ae2d4d00015b,Roslyn,Bissex,2,3.64
5dc414dffc13ae2d4d00015c,Louella,Ondra,1,3.94
5dc414dffc13ae2d4d00015d,Rog,Chicchelli,4,1.74
5dc414dffc13ae2d4d00015e,Bondie,Mattessen,3,2.68
5dc414dffc13ae2d4d00015f,Nevil,Kunisch,1,2.72
5dc414dffc13ae2d4d000160,Chet,Sefton,1,1.8
5dc414dffc13ae2d4d000161,Haskel,Merriott,4,2.34
5dc414dffc13ae2d4d000162,Karly,Guidotti,4,3.12
5dc414dffc13ae2d4d000163,Caddric,Murra,1,3.97
5dc414dffc13ae2d4d000164,Sheila-kathryn,Symms,4,1.4
5dc414dffc13ae2d4d000165,Putnam,Duham,4,2.03
5dc414dffc13ae2d4d000166,Adeline,Kerfoot,4,3.97
5dc414dffc13ae2d4d000167,Bonny,Egel,2,2.74
5dc414dffc13ae2d4d000168,Chaim,Goodbar,1,3.51
5dc414dffc13ae2d4d000169,Pippy,Veld,1,1.6
5dc414dffc13ae2d4d00016a,Jeanelle,Lewknor,1,2.63
5dc414dffc13ae2d4d00016b,Trenna,Neely,1,1.88
5dc414dffc13ae2d4d00016c,Sydney,Stoneham,4,2.18
5dc414dffc13ae2d4d00016d,Rodrigo,Antley,1,3.12
5dc414dffc13ae2d4d00016e,Bertha,Scirman,3,1.43
5dc414dffc13ae2d4d00016f,Ruprecht,Bonniface,2,2.79
5dc414dffc13ae2d4d000170,Wallie,Baythorp,4,2.4
5dc414dffc13ae2d4d000171,Hilliary,Donkersley,3,1.31
5dc414dffc13ae2d4d000172,Foster,Ream,4,1.67
5dc414dffc13ae2d4d000173,Addy,Kasperski,3,3.59
5dc414dffc13ae2d4d000174,Laurianne,Cottill,1,1.26
5dc414dffc13ae2d4d000175,Robyn,McLugaish,1,3.52
5dc414dffc13ae2d4d000176,Rici,McGloughlin,4,2.84
5dc414dffc13ae2d4d000177,Austin,Ambrogiotti,3,3.8
5dc414dffc13ae2d4d000178,Delainey,Doorly,3,3.69
5dc414dffc13ae2d4d000179,Hana,Monteaux,2,2.49
5dc414dffc13ae2d4d00017a,Grady,Dannehl,4,1.09
5dc414dffc13ae2d4d00017b,Nikita,Lowry,2,1.94
5dc414dffc13ae2d4d00017c,Stacey,Guile,1,1.11
5dc414dffc13ae2d4d00017d,Stefano,Niave,2,1.51
5dc414dffc13ae2d4d00017e,Mar,Eallis,4,1.83
5dc414dffc13ae2d4d00017f,Shayla,Brandom,4,2.22
5dc414dffc13ae2d4d000180,Harlan,Morrad,4,1.54
5dc414dffc13ae2d4d000181,Esteban,Lory,4,3.74
5dc414dffc13ae2d4d000182,Glyn,Chalke,1,2.43
5dc414dffc13ae2d4d000183,Betta,Blackadder,2,2.38
5dc414dffc13ae2d4d000184,Linnet,Joddens,2,1.9
5dc414dffc13ae2d4d000185,Orin,Feighney,4,2.02
5dc414dffc13ae2d4d000186,Irvine,Willoughey,1,1.41
5dc414dffc13ae2d4d000187,Thelma,Dive,2,3.0
5dc414dffc13ae2d4d000188,Cass,Summerrell,3,3.86
5dc414dffc13ae2d4d000189,Nat,Bodocs,1,2.47
5dc414dffc13ae2d4d00018a,Cecil,Sey,4,3.47
5dc414dffc13ae2d4d00018b,Pammie,Lonnon,4,1.82
5dc414dffc13ae2d4d00018c,Gardy,Kabisch,4,3.72
5dc414dffc13ae2d4d00018d,Sapphire,Bezant,2,3.44
5dc414dffc13ae2d4d00018e,Anett,Stit,1,3.19
5dc414dffc13ae2d4d00018f,Lynnelle,Whyatt,3,2.4
5dc414dffc13ae2d4d000190,Mavis,Moubray,4,3.0
5dc414dffc13ae2d4d000191,Hazel,Pedroli,3,1.72
5dc414dffc13ae2d4d000192,Allissa,Seiler,2,1.06
5dc414dffc13ae2d4d000193,Natalina,Timms,1,1.34
5dc414dffc13ae2d4d000194,Darnell,Dedman,3,2.86
5dc414dffc13ae2d4d000195,Norman,Bernardinelli,3,3.43
5dc414dffc13ae2d4d000196,Madelin,Charrett,2,2.63
5dc414dffc13ae2d4d000197,Carmella,Burr,3,2.82
5dc414dffc13ae2d4d000198,Alleyn,Ruperto,4,2.26
5dc414dffc13ae2d4d000199,Hermione,Thwaite,4,3.36
5dc414dffc13ae2d4d00019a,Ramsay,Tirte,1,2.86
5dc414dffc13ae2d4d00019b,Fonzie,Gait,3,2.02
5dc414dffc13ae2d4d00019c,Brigida,Garretts,1,3.24
5dc414dffc13ae2d4d00019d,Svend,Scrammage,1,3.57
5dc414dffc13ae2d4d00019e,Benita,Hamper,2,2.96
5dc414dffc13ae2d4d00019f,Adey,Waddilow,2,1.21
5dc414dffc13ae2d4d0001a0,Maddy,Neeves,3,2.77
5dc414dffc13ae2d4d0001a1,Zsa zsa,Knowlton,1,3.49
5dc414dffc13ae2d4d0001a2,Marika,McClay,3,3.61
5dc414dffc13ae2d4d0001a3,Vin,Spring,3,3.78
5dc414dffc13ae2d4d0001a4,Eran,Gillogley,3,2.65
5dc414dffc13ae2d4d0001a5,Beauregard,Head,2,3.03
5dc414dffc13ae2d4d0001a6,Carny,Kybird,2,1.04
5dc414dffc13ae2d4d0001a7,Saundra,Stearley,1,2.78
5dc414dffc13ae2d4d0001a8,Jerry,Charters,4,1.94
5dc414dffc13ae2d4d0001a9,Welby,Rollingson,2,2.26
5dc414dffc13ae2d4d0001aa,Darb,Renehan,4,3.1
5dc414dffc13ae2d4d0001ab,Agnella,Jzhakov,4,2.84
5dc414dffc13ae2d4d0001ac,Helene,Iveson,3,1.71
5dc414dffc13ae2d4d0001ad,Cornela,Northleigh,3,3.52
5dc414dffc13ae2d4d0001ae,Elton,Pennino,3,1.06
5dc414dffc13ae2d4d0001af,Constantino,Abatelli,2,2.45
5dc414dffc13ae2d4d0001b0,Marta,Porson,2,1.64
5dc414dffc13ae2d4d0001b1,Kerrin,Divina,3,3.96
5dc414dffc13ae2d4d0001b2,Tamqrah,Oke,3,3.05
5dc414dffc13ae2d4d0001b3,Christabella,Hercock,3,2.22
5dc414dffc13ae2d4d0001b4,Garek,Daughtry,1,3.83
5dc414dffc13ae2d4d0001b5,Garfield,Lemasney,3,1.12
5dc414dffc13ae2d4d0001b6,Alika,McKibbin,4,2.98
5dc414dffc13ae2d4d0001b7,Mathilde,Fernie,2,1.52
5dc414dffc13ae2d4d0001b8,Borg,Asmus,2,1.69
5dc414dffc13ae2d4d0001b9,Anneliese,Landell,2,2.92
5dc414dffc13ae2d4d0001ba,Beltran,Krolak,1,3.76
5dc414dffc13ae2d4d0001bb,Michaelina,Bruyntjes,2,1.63
5dc414dffc13ae2d4d0001bc,Juliann,Jeaffreson,4,1.37
5dc414dffc13ae2d4d0001bd,Karel,Trollope,2,1.26
5dc414dffc13ae2d4d0001be,Sapphire,McGauhy,3,1.33
5dc414dffc13ae2d4d0001bf,Aldrich,Timoney,2,3.61
5dc414dffc13ae2d4d0001c0,Gustie,Lammiman,3,1.62
5dc414dffc13ae2d4d0001c1,Diandra,Kington,3,1.91
5dc414dffc13ae2d4d0001c2,Gigi,Dorton,3,1.64
5dc414dffc13ae2d4d0001c3,Rorie,Renon,4,3.29
5dc414dffc13ae2d4d0001c4,Vanna,Hoovart,1,2.31
5dc414dffc13ae2d4d0001c5,Fredrick,St. Queintain,2,1.0
5dc414dffc13ae2d4d0001c6,Carlen,Lougheed,3,2.52
5dc414dffc13ae2d4d0001c7,Maribelle,Dumbelton,3,2.77
5dc414dffc13ae2d4d0001c8,Frank,Wattinham,3,3.04
5dc414dffc13ae2d4d0001c9,Bryan,Woofenden,4,2.63
5dc414dffc13ae2d4d0001ca,Fawnia,Freer,2,3.39
5dc414dffc13ae2d4d0001cb,Susi,Picker,1,3.12
5dc414dffc13ae2d4d0001cc,Timothea,Bramsom,3,1.22
5dc414dffc13ae2d4d0001cd,Lucius,Whistan,4,3.62
5dc414dffc13ae2d4d0001ce,Dianna,Sallnow,4,2.29
5dc414dffc13ae2d4d0001cf,Chrystal,Harman,1,3.73
5dc414dffc13ae2d4d0001d0,Cheryl,Bartlomiej,2,1.84
5dc414dffc13ae2d4d0001d1,Nevsa,Reade,2,1.6
5dc414dffc13ae2d4d0001d2,Therese,Mowat,4,2.51
5dc414dffc13ae2d4d0001d3,Anne,Fussey,4,3.89
5dc414dffc13ae2d4d0001d4,Gilburt,Rudkin,3,1.06
5dc414dffc13ae2d4d0001d5,Aaren,Torre,1,2.12
5dc414dffc13ae2d4d0001d6,Kelsy,Wemes,1,2.59
5dc414dffc13ae2d4d0001d7,Tobe,Mollatt,3,2.22
5dc414dffc13ae2d4d0001d8,Ruddie,Jennins,4,2.31
5dc414dffc13ae2d4d0001d9,Hamnet,Rump,3,3.73
5dc414dffc13ae2d4d0001da,Jedd,Doward,4,2.41
5dc414dffc13ae2d4d0001db,Renee,Scarsbrook,3,2.16
5dc414dffc13ae2d4d0001dc,Reagen,Butteris,2,2.38
5dc414dffc13ae2d4d0001dd,Luci,Litster,2,3.9
5dc414dffc13ae2d4d0001de,Barney,Dempster,4,2.44
5dc414dffc13ae2d4d0001df,Jed,Sedcole,4,1.16
5dc414dffc13ae2d4d0001e0,Scarlet,Farish,2,3.61
5dc414dffc13ae2d4d0001e1,Livvie,Hooban,3,1.13
5dc414dffc13ae2d4d0001e2,Beck,Yerrill,2,2.39
5dc414dffc13ae2d4d0001e3,Marigold,Zorzin,2,1.11
5dc414dffc13ae2d4d0001e4,Marybelle,O'Criane,1,2.49
5dc414dffc13ae2d4d0001e5,Ronnie,MacAiline,3,3.59
5dc414dffc13ae2d4d0001e6,Muire,Bosward,4,1.61
5dc414dffc13ae2d4d0001e7,Temple,Mattersey,3,2.25
5dc414dffc13ae2d4d0001e8,Marietta,Snoddin,2,2.26
5dc414dffc13ae2d4d0001e9,Gerhard,Wahlberg,3,2.46
5dc414dffc13ae2d4d0001ea,Jermain,Lefever,4,1.23
5dc414dffc13ae2d4d0001eb,Bride,Caberas,3,1.68
5dc414dffc13ae2d4d0001ec,Nonna,Arnull,3,2.95
5dc414dffc13ae2d4d0001ed,Dorie,Edge,1,3.86
5dc414dffc13ae2d4d0001ee,Renelle,Stormonth,3,1.15
5dc414dffc13ae2d4d0001ef,Melantha,Fardoe,3,2.37
5dc414dffc13ae2d4d0001f0,Riccardo,Reid,4,1.48
5dc414dffc13ae2d4d0001f1,Verna,Ambrogetti,4,3.44
5dc414dffc13ae2d4d0001f2,Taddeo,Julien,3,1.33
5dc414dffc13ae2d4d0001f3,Lucius,Edling,3,3.88
5dc414dffc13ae2d4d0001f4,Noak,Stedmond,2,2.27
5dc414dffc13ae2d4d0001f5,Maureene,Pinke,3,2.4
5dc414dffc13ae2d4d0001f6,Lind,Desvignes,2,1.82
5dc414dffc13ae2d4d0001f7,Con,Hourigan,3,3.24
5dc414dffc13ae2d4d0001f8,Lita,Pougher,1,3.14
5dc414dffc13ae2d4d0001f9,Faith,Goffe,3,3.28
5dc414dffc13ae2d4d0001fa,Dene,Isaaksohn,2,2.87
5dc414dffc13ae2d4d0001fb,Carilyn,Fernao,4,3.14
5dc414dffc13ae2d4d0001fc,Ivor,Haggar,4,3.69
5dc414dffc13ae2d4d0001fd,Vallie,Lates,3,2.02
5dc414dffc13ae2d4d0001fe,Nita,Posvner,2,2.91
5dc414dffc13ae2d4d0001ff,Vittoria,Rangeley,2,1.65
5dc414dffc13ae2d4d000200,Fania,Petrak,2,3.02
5dc414dffc13ae2d4d000201,Allyson,Matzaitis,4,3.08
5dc414dffc13ae2d4d000202,Clim,Kilduff,1,3.73
5dc414dffc13ae2d4d000203,Cristiano,Olivie,1,3.09
5dc414dffc13ae2d4d000204,Waylon,Ojeda,1,3.74
5dc414dffc13ae2d4d000205,Pablo,Recke,4,2.36
5dc414dffc13ae2d4d000206,Shae,Earpe,1,3.96
5dc414dffc13ae2d4d000207,Burk,Carus,2,1.89
5dc414dffc13ae2d4d000208,Vickie,Snaden,1,1.87
5dc414dffc13ae2d4d000209,Gabriellia,Jepperson,4,1.69
5dc414dffc13ae2d4d00020a,Pauly,Napton,2,2.33
5dc414dffc13ae2d4d00020b,Marjy,Chinge de Hals,1,1.53
5dc414dffc13ae2d4d00020c,Jehanna,Dunwoody,1,3.05
5dc414dffc13ae2d4d00020d,Meris,Cocklie,3,2.27
5dc414dffc13ae2d4d00020e,Ailee,McBean,1,2.6
5dc414dffc13ae2d4d00020f,Marrissa,Skowcraft,3,2.26
5dc414dffc13ae2d4d000210,Peyton,Dabner,2,1.09
5dc414dffc13ae2d4d000211,Libbi,Hattrick,1,2.18
5dc414dffc13ae2d4d000212,Westbrooke,Rosone,2,2.36
5dc414dffc13ae2d4d000213,Kerrill,O'Currine,3,2.26
5dc414dffc13ae2d4d000214,Mirella,Matushevitz,1,1.07
5dc414dffc13ae2d4d000215,Taryn,Wasmuth,3,1.44
5dc414dffc13ae2d4d000216,Rowland,Lucia,3,3.72
5dc414dffc13ae2d4d000217,Norene,Blowin,1,3.59
5dc414dffc13ae2d4d000218,Clovis,Truitt,1,3.81
5dc414dffc13ae2d4d000219,Kelci,Alten,1,3.77
5dc414dffc13ae2d4d00021a,Irvin,Ascough,4,3.53
5dc414dffc13ae2d4d00021b,Hart,Ainge,1,3.98
5dc414dffc13ae2d4d00021c,Noam,Troy,3,3.43
5dc414dffc13ae2d4d00021d,Brandon,Saenz,3,3.7
5dc414dffc13ae2d4d00021e,Lynde,Biggadike,2,1.86
5dc414dffc13ae2d4d00021f,Hayden,Zukierman,4,1.79
5dc414dffc13ae2d4d000220,Mahmoud,Flieger,3,1.4
5dc414dffc13ae2d4d000221,Dean,Ditchfield,3,3.73
5dc414dffc13ae2d4d000222,Kim,Berrane,2,2.62
5dc414dffc13ae2d4d000223,Anet,Autry,4,3.04
5dc414dffc13ae2d4d000224,Sandra,Naisey,3,3.64
5dc414dffc13ae2d4d000225,Templeton,Durrans,4,2.48
5dc414dffc13ae2d4d000226,Byram,Bedome,3,1.1
5dc414dffc13ae2d4d000227,Jason,Bartolomeo,4,3.78
5dc414dffc13ae2d4d000228,Rica,Greaterex,1,2.4
5dc414dffc13ae2d4d000229,Koral,Bartoleyn,3,1.87
5dc414dffc13ae2d4d00022a,Orelle,Maund,2,3.26
5dc414dffc13ae2d4d00022b,Renard,Droogan,3,2.54
5dc414dffc13ae2d4d00022c,Kyle,Veck,3,3.85
5dc414dffc13ae2d4d00022d,Forbes,Oswal,2,2.93
5dc414dffc13ae2d4d00022e,Marie-jeanne,Juanes,4,2.91
5dc414dffc13ae2d4d00022f,Manuel,Bartelot,2,3.76
5dc414dffc13ae2d4d000230,Demetris,Iacomi,1,1.43
5dc414dffc13ae2d4d000231,Wilfrid,Lardier,1,1.62
5dc414dffc13ae2d4d000232,Gerty,Menezes,4,1.26
5dc414dffc13ae2d4d000233,Ari,Mowles,1,3.94
5dc414dffc13ae2d4d000234,Tommie,Fear,2,3.37
5dc414dffc13ae2d4d000235,Hildagarde,Goalley,2,3.92
5dc414dffc13ae2d4d000236,Dale,Toone,3,1.82
5dc414dffc13ae2d4d000237,Pattie,Bremond,2,2.37
5dc414dffc13ae2d4d000238,Charil,Carreck,2,3.77
5dc414dffc13ae2d4d000239,Wendall,Handes,2,1.17
5dc414dffc13ae2d4d00023a,Hatti,Furney,3,2.69
5dc414dffc13ae2d4d00023b,Lorinda,Swadlinge,1,1.78
5dc414dffc13ae2d4d00023c,Mata,Derrett,1,1.93
5dc414dffc13ae2d4d00023d,Geneva,Priddle,2,1.98
5dc414dffc13ae2d4d00023e,Valenka,Wasylkiewicz,3,2.23
5dc414dffc13ae2d4d00023f,Lissie,Carwithim,1,1.18
5dc414dffc13ae2d4d000240,Carole,Broadbere,4,1.19
5dc414dffc13ae2d4d000241,Boigie,Jelly,4,2.09
5dc414dffc13ae2d4d000242,Delilah,Hartless,4,3.63
5dc414dffc13ae2d4d000243,Evangelina,Jenkerson,3,1.91
5dc414dffc13ae2d4d000244,Boothe,Szimoni,4,3.64
5dc414dffc13ae2d4d000245,Mikkel,McPhee,4,3.9
5dc414dffc13ae2d4d000246,Delilah,Bisterfeld,2,2.37
5dc414dffc13ae2d4d000247,Isac,Deeth,1,2.97
5dc414dffc13ae2d4d000248,Ilysa,Bourne,3,3.48
5dc414dffc13ae2d4d000249,Harcourt,Giron,1,2.0
5dc414dffc13ae2d4d00024a,Sunny,Weldrick,3,1.59
5dc414dffc13ae2d4d00024b,Felicio,Bortolotti,4,3.51
5dc414dffc13ae2d4d00024c,Rochette,Solleme,3,2.96
5dc414dffc13ae2d4d00024d,Georgia,Godsafe,4,1.6
5dc414dffc13ae2d4d00024e,Marris,Gravells,2,3.85
5dc414dffc13ae2d4d00024f,Gerrie,Cail,4,1.44
5dc414dffc13ae2d4d000250,Natalina,Brannon,2,2.29
5dc414dffc13ae2d4d000251,Marie-ann,Fransseni,4,1.68
5dc414dffc13ae2d4d000252,Odie,Keeping,1,2.75
5dc414dffc13ae2d4d000253,Vally,Mathews,2,3.74
5dc414dffc13ae2d4d000254,Sybyl,Luna,2,3.71
5dc414dffc13ae2d4d000255,Isidor,Lippingwell,1,1.77
5dc414dffc13ae2d4d000256,Rowland,Garth,3,3.77
5dc414dffc13ae2d4d000257,Krishnah,Blaxley,4,3.88
5dc414dffc13ae2d4d000258,Kristi,Dixie,4,1.14
5dc414dffc13ae2d4d000259,Annadiane,Burchall,3,2.9
5dc414dffc13ae2d4d00025a,Leanna,Coppins,2,2.25
5dc414dffc13ae2d4d00025b,Gracia,Tissiman,1,1.01
5dc414dffc13ae2d4d00025c,Gleda,Philler,4,1.81
5dc414dffc13ae2d4d00025d,Sandro,Klimecki,3,3.25
5dc414dffc13ae2d4d00025e,Shayne,Woodson,1,1.14
5dc414dffc13ae2d4d00025f,Cymbre,Hawkswood,3,2.2
5dc414dffc13ae2d4d000260,Ky,Schust,2,2.58
5dc414dffc13ae2d4d000261,Odille,Somerled,2,1.72
5dc414dffc13ae2d4d000262,Oriana,O' Donohoe,3,1.2
5dc414dffc13ae2d4d000263,Liam,Kivlehan,1,3.88
5dc414dffc13ae2d4d000264,Ruthann,Costin,4,1.15
5dc414dffc13ae2d4d000265,Laurel,Abade,3,1.9
5dc414dffc13ae2d4d000266,Ladonna,Mountlow,4,1.56
5dc414dffc13ae2d4d000267,Irvin,Hanrahan,4,2.37
5dc414dffc13ae2d4d000268,Hildagarde,Cotton,3,3.63
5dc414dffc13ae2d4d000269,Adria,Woodson,1,2.31
5dc414dffc13ae2d4d00026a,Devonne,Dalling,1,1.88
5dc414dffc13ae2d4d00026b,Alick,Soame,2,2.96
5dc414dffc13ae2d4d00026c,Bronson,Brownrigg,4,3.46
5dc414dffc13ae2d4d00026d,Emilee,Hallum,4,1.07
5dc414dffc13ae2d4d00026e,Alfonse,Gabbotts,2,3.93
5dc414dffc13ae2d4d00026f,Pepita,Dempster,1,3.03
5dc414dffc13ae2d4d000270,Wini,Hyam,2,2.0
5dc414dffc13ae2d4d000271,Jourdain,Greiser,1,1.8
5dc414dffc13ae2d4d000272,Karrie,Zanazzi,3,1.56
5dc414dffc13ae2d4d000273,Meagan,Milleton,4,2.36
5dc414dffc13ae2d4d000274,Padgett,Ben,2,2.21
5dc414dffc13ae2d4d000275,Garek,Gilbank,2,1.56
5dc414dffc13ae2d4d000276,Janith,MacChaell,3,3.71
5dc414dffc13ae2d4d000277,Cristobal,McPartlin,4,3.09
5dc414dffc13ae2d4d000278,Margareta,Habron,3,3.85
5dc414dffc13ae2d4d000279,Ida,Horsley,4,2.12
5dc414dffc13ae2d4d00027a,Yale,Loving,4,1.35
5dc414dffc13ae2d4d00027b,Alfonso,Conley,3,3.11
5dc414dffc13ae2d4d00027c,Trenton,Cheves,2,1.15
5dc414dffc13ae2d4d00027d,Nicholle,Gronav,1,1.6
5dc414dffc13ae2d4d00027e,Kore,Siddell,1,1.37
5dc414dffc13ae2d4d00027f,Giraldo,Fowden,2,1.55
5dc414dffc13ae2d4d000280,Abbey,Pedracci,2,2.69
5dc414dffc13ae2d4d000281,Hertha,Berzon,3,3.14
5dc414dffc13ae2d4d000282,Tedi,Pettko,4,1.44
5dc414dffc13ae2d4d000283,August,Blaver,1,3.47
5dc414dffc13ae2d4d000284,Vite,Dellow,4,3.2
5dc414dffc13ae2d4d000285,Ario,Roblett,1,2.71
5dc414dffc13ae2d4d000286,Nicky,Haddeston,4,2.63
5dc414dffc13ae2d4d000287,Fara,Collister,1,3.61
5dc414dffc13ae2d4d000288,Fransisco,Rubery,4,1.33
5dc414dffc13ae2d4d000289,Misty,Padillo,3,3.53
5dc414dffc13ae2d4d00028a,Jemimah,Bakhrushkin,3,1.83
5dc414dffc13ae2d4d00028b,Cobby,Sibbit,1,2.59
5dc414dffc13ae2d4d00028c,Harley,Belfield,1,1.26
5dc414dffc13ae2d4d00028d,Hendrik,Aylwin,2,3.37
5dc414dffc13ae2d4d00028e,Cary,Glashby,4,2.9
5dc414dffc13ae2d4d00028f,Nanine,Fairbrace,3,3.48
5dc414dffc13ae2d4d000290,Lukas,Dunton,4,1.65
5dc414dffc13ae2d4d000291,Felike,Giamo,4,3.17
5dc414dffc13ae2d4d000292,Lazare,Tuson,3,1.13
5dc414dffc13ae2d4d000293,Julianne,Kellitt,4,1.91
5dc414dffc13ae2d4d000294,Amanda,Bradlaugh,3,3.47
5dc414dffc13ae2d4d000295,Carley,Maddocks,3,2.25
5dc414dffc13ae2d4d000296,Hanan,Wrixon,4,1.11
5dc414dffc13ae2d4d000297,Farly,Heselwood,1,1.74
5dc414dffc13ae2d4d000298,Lothario,Iddons,2,3.12
5dc414dffc13ae2d4d000299,Casey,Simek,1,2.68
5dc414dffc13ae2d4d00029a,Darcee,Londors,3,2.57
5dc414dffc13ae2d4d00029b,Marv,Paling,2,2.82
5dc414dffc13ae2d4d00029c,Berny,Briereton,1,2.53
5dc414dffc13ae2d4d00029d,Saloma,Croote,3,3.92
5dc414dffc13ae2d4d00029e,Danita,Weblin,4,3.13
5dc414dffc13ae2d4d00029f,Penn,Younger,3,1.76
5dc414dffc13ae2d4d0002a0,Suzanna,Hardi,3,3.28
5dc414dffc13ae2d4d0002a1,Briny,Dracey,4,1.8
5dc414dffc13ae2d4d0002a2,Rocky,Flori,2,1.15
5dc414dffc13ae2d4d0002a3,Reginald,Albiston,2,1.53
5dc414dffc13ae2d4d0002a4,Ike,Garnett,3,2.64
5dc414dffc13ae2d4d0002a5,Paolina,Hayles,3,3.14
5dc414dffc13ae2d4d0002a6,Nels,Klaaasen,1,3.51
5dc414dffc13ae2d4d0002a7,Denney,Abramov,1,2.14
5dc414dffc13ae2d4d0002a8,Rance,Crich,1,2.88
5dc414dffc13ae2d4d0002a9,Melloney,Whybrow,3,1.3
5dc414dffc13ae2d4d0002aa,Bartholomeo,Ashcroft,4,3.91
5dc414dffc13ae2d4d0002ab,Forester,Billings,4,3.53
5dc414dffc13ae2d4d0002ac,Latrina,Andreutti,1,3.85
5dc414dffc13ae2d4d0002ad,Rossy,Revening,3,2.39
5dc414dffc13ae2d4d0002ae,Herby,Tregaskis,3,1.25
5dc414dffc13ae2d4d0002af,Anallise,Wiltshear,3,1.31
5dc414dffc13ae2d4d0002b0,Christye,Coplestone,4,3.13
5dc414dffc13ae2d4d0002b1,Manda,Wetherell,4,2.77
5dc414dffc13ae2d4d0002b2,Lynnell,Hellens,1,3.52
5dc414dffc13ae2d4d0002b3,Van,Grenville,1,2.13
5dc414dffc13ae2d4d0002b4,Arther,Lifsey,2,1.54
5dc414dffc13ae2d4d0002b5,Helaine,Mewis,2,1.95
5dc414dffc13ae2d4d0002b6,Averell,Kensall,1,1.31
5dc414dffc13ae2d4d0002b7,Lilith,Jeandon,2,2.35
5dc414dffc13ae2d4d0002b8,Hesther,Duester,2,1.07
5dc414dffc13ae2d4d0002b9,Anabal,Keppie,4,3.02
5dc414dffc13ae2d4d0002ba,Giacinta,Wollers,4,3.4
5dc414dffc13ae2d4d0002bb,Mildred,Fishenden,3,1.77
5dc414dffc13ae2d4d0002bc,Roberto,Clow,4,1.65
5dc414dffc13ae2d4d0002bd,Kelcey,Metcalf,3,2.71
5dc414dffc13ae2d4d0002be,Marisa,Vlasenkov,4,2.21
5dc414dffc13ae2d4d0002bf,Hamlin,McGaugey,2,1.76
5dc414dffc13ae2d4d0002c0,Emalia,Connew,3,3.24
5dc414dffc13ae2d4d0002c1,Sauveur,McGuggy,1,3.55
5dc414dffc13ae2d4d0002c2,Durward,Edser,1,3.67
5dc414dffc13ae2d4d0002c3,Lucretia,Grinyer,3,2.32
5dc414dffc13ae2d4d0002c4,Devinne,Ughi,1,2.37
5dc414dffc13ae2d4d0002c5,Rossie,Foxhall,2,3.2
5dc414dffc13ae2d4d0002c6,Skell,Santry,3,3.18
5dc414dffc13ae2d4d0002c7,Leonerd,Tott,1,3.64
5dc414dffc13ae2d4d0002c8,Sarene,Brettor,3,1.97
5dc414dffc13ae2d4d0002c9,Della,Keddie,3,2.12
5dc414dffc13ae2d4d0002ca,Walt,Frensche,1,3.85
5dc414dffc13ae2d4d0002cb,Nolie,Dwyr,1,3.76
5dc414dffc13ae2d4d0002cc,Dedra,Hurnell,2,3.13
5dc414dffc13ae2d4d0002cd,Laughton,Fotheringham,4,3.68
5dc414dffc13ae2d4d0002ce,Darb,Paish,2,2.77
5dc414dffc13ae2d4d0002cf,Naoma,Ambrogioni,2,1.18
5dc414dffc13ae2d4d0002d0,Wat,Rickesies,4,1.53
5dc414dffc13ae2d4d0002d1,Tome,Keslake,2,1.63
5dc414dffc13ae2d4d0002d2,Mac,Innis,4,3.42
5dc414dffc13ae2d4d0002d3,Curt,Callendar,4,2.55
5dc414dffc13ae2d4d0002d4,Rakel,Patshull,2,1.64
5dc414dffc13ae2d4d0002d5,Godfree,Dickins,1,2.83
5dc414dffc13ae2d4d0002d6,Lisa,Shetliff,3,3.14
5dc414dffc13ae2d4d0002d7,Rosemary,Rentoll,1,1.26
5dc414dffc13ae2d4d0002d8,Myrvyn,MacClancey,1,3.37
5dc414dffc13ae2d4d0002d9,Katie,Haitlie,2,2.89
5dc414dffc13ae2d4d0002da,Earle,Arnolds,1,3.69
5dc414dffc13ae2d4d0002db,Thorpe,Larne,1,3.57
5dc414dffc13ae2d4d0002dc,Edy,Stathers,4,3.18
5dc414dffc13ae2d4d0002dd,Dulcia,Strethill,1,2.47
5dc414dffc13ae2d4d0002de,Simeon,Renn,3,1.4
5dc414dffc13ae2d4d0002df,Lev,Sabates,1,2.15
5dc414dffc13ae2d4d0002e0,Hayden,Wolstenholme,2,1.91
5dc414dffc13ae2d4d0002e1,Robinet,Meeks,4,2.28
5dc414dffc13ae2d4d0002e2,Ester,Sommerled,3,3.97
5dc414dffc13ae2d4d0002e3,Petr,Blance,2,2.58
5dc414dffc13ae2d4d0002e4,Lynnelle,Stallebrass,1,2.08
5dc414dffc13ae2d4d0002e5,Ettore,Lowey,3,3.09
5dc414dffc13ae2d4d0002e6,Averil,Karpmann,2,2.71
5dc414dffc13ae2d4d0002e7,Noelani,Biagioni,1,1.41
5dc414dffc13ae2d4d0002e8,Hildy,Snawden,2,1.92
5dc414dffc13ae2d4d0002e9,Dannie,Matejka,3,3.0
5dc414dffc13ae2d4d0002ea,Tailor,Fenemore,3,3.03
5dc414dffc13ae2d4d0002eb,Arlyne,Larking,4,2.51
5dc414dffc13ae2d4d0002ec,Celesta,Westley,1,3.83
5dc414dffc13ae2d4d0002ed,Andie,Calf,3,2.04
5dc414dffc13ae2d4d0002ee,Alina,Brayshaw,3,2.52
5dc414dffc13ae2d4d0002ef,Lindi,Pierce,3,3.69
5dc414dffc13ae2d4d0002f0,Rennie,D'Antoni,4,2.49
5dc414dffc13ae2d4d0002f1,Oswell,Ternouth,4,2.23
5dc414dffc13ae2d4d0002f2,Coriss,Scawton,1,1.23
5dc414dffc13ae2d4d0002f3,Karolina,Manthorpe,2,2.16
5dc414dffc13ae2d4d0002f4,Koren,Glascott,2,2.92
5dc414dffc13ae2d4d0002f5,Lonnard,Klagge,3,1.6
5dc414dffc13ae2d4d0002f6,Stevy,Josupeit,2,3.96
5dc414dffc13ae2d4d0002f7,Elnore,Ebbrell,3,3.92
5dc414dffc13ae2d4d0002f8,Jecho,Newing,1,3.6
5dc414dffc13ae2d4d0002f9,Janna,Nevins,1,2.68
5dc414dffc13ae2d4d0002fa,Rudiger,Wileman,1,2.39
5dc414dffc13ae2d4d0002fb,Cornelia,Fessions,4,2.56
5dc414dffc13ae2d4d0002fc,Virgilio,Brewis,3,3.28
5dc414dffc13ae2d4d0002fd,Benedikta,Dunbobin,4,3.64
5dc414dffc13ae2d4d0002fe,Tommi,Jakucewicz,4,3.06
5dc414dffc13ae2d4d0002ff,Allen,Cohane,4,3.71
5dc414dffc13ae2d4d000300,Brinna,Ivory,1,1.67
5dc414dffc13ae2d4d000301,Sabra,Cherry,1,1.52
5dc414dffc13ae2d4d000302,Maridel,Gersam,1,2.16
5dc414dffc13ae2d4d000303,Novelia,Wolledge,2,1.84
5dc414dffc13ae2d4d000304,Kenneth,Abthorpe,1,3.48
5dc414dffc13ae2d4d000305,Elissa,Bowland,1,1.25
5dc414dffc13ae2d4d000306,Agace,Matias,4,3.56
5dc414dffc13ae2d4d000307,Forster,Archer,2,2.09
5dc414dffc13ae2d4d000308,Catherin,Taysbil,1,2.0
5dc414dffc13ae2d4d000309,Rania,Dobbinson,3,2.7
5dc414dffc13ae2d4d00030a,Marijn,Schach,1,3.51
5dc414dffc13ae2d4d00030b,Marcelo,Iveson,3,2.36
5dc414dffc13ae2d4d00030c,Tanya,Hamson,3,3.56
5dc414dffc13ae2d4d00030d,Artemas,Shimwell,4,2.66
5dc414dffc13ae2d4d00030e,Chester,Boanas,1,3.26
5dc414dffc13ae2d4d00030f,Parker,Treverton,3,2.65
5dc414dffc13ae2d4d000310,Lula,McNeillie,2,2.71
5dc414dffc13ae2d4d000311,Lonny,Grimwood,2,3.04
5dc414dffc13ae2d4d000312,Halette,Bampfield,3,3.39
5dc414dffc13ae2d4d000313,Jaclin,Schult,2,1.27
5dc414dffc13ae2d4d000314,Gleda,Adamovich,2,3.53
5dc414dffc13ae2d4d000315,Sissy,Gwinnel,1,1.16
5dc414dffc13ae2d4d000316,Boniface,Clowley,1,2.82
5dc414dffc13ae2d4d000317,Danya,O'Teague,1,1.11
5dc414dffc13ae2d4d000318,Ernestus,Hassur,2,3.75
5dc414dffc13ae2d4d000319,Alessandra,Jeannet,2,2.95
5dc414dffc13ae2d4d00031a,Clayborn,Beadle,4,2.75
5dc414dffc13ae2d4d00031b,Stevena,Strongitharm,4,3.5
5dc414dffc13ae2d4d00031c,Dasi,Thackray,3,1.87
5dc414dffc13ae2d4d00031d,Harland,Gilbane,4,2.22
5dc414dffc13ae2d4d00031e,Adriena,Ausher,1,2.75
5dc414dffc13ae2d4d00031f,Channa,Blue,2,3.54
5dc414dffc13ae2d4d000320,Joyan,Corden,4,2.13
5dc414dffc13ae2d4d000321,Dalton,Rudwell,2,2.24
5dc414dffc13ae2d4d000322,Maisey,McCrorie,2,3.09
5dc414dffc13ae2d4d000323,Allie,Bellhanger,2,3.44
5dc414dffc13ae2d4d000324,Vinnie,Ince,1,2.86
5dc414dffc13ae2d4d000325,Nara,Stainfield,1,3.38
5dc414dffc13ae2d4d000326,Modestine,Arnaud,3,3.56
5dc414dffc13ae2d4d000327,Linnie,Coils,1,3.5
5dc414dffc13ae2d4d000328,Eryn,Righy,1,3.47
5dc414dffc13ae2d4d000329,Adams,Howroyd,1,3.56
5dc414dffc13ae2d4d00032a,Cariotta,Pimblotte,3,1.32
5dc414dffc13ae2d4d00032b,Verna,Berrecloth,4,3.09
5dc414dffc13ae2d4d00032c,Alida,Adamson,2,2.43
5dc414dffc13ae2d4d00032d,Naomi,Deighan,2,2.18
5dc414dffc13ae2d4d00032e,Wolfie,Hartin,1,2.82
5dc414dffc13ae2d4d00032f,Jayne,Chaikovski,3,2.95
5dc414dffc13ae2d4d000330,Gertruda,Nalder,1,1.65
5dc414dffc13ae2d4d000331,Mariquilla,Furmenger,3,2.13
5dc414dffc13ae2d4d000332,Whit,Bysshe,3,3.73
5dc414dffc13ae2d4d000333,Rheba,Livens,4,1.57
5dc414dffc13ae2d4d000334,Andria,Boshier,4,3.11
5dc414dffc13ae2d4d000335,Camella,Karmel,1,2.61
5dc414dffc13ae2d4d000336,Steven,Bruinsma,2,1.15
5dc414dffc13ae2d4d000337,Flint,Van Arsdall,4,1.05
5dc414dffc13ae2d4d000338,Urbain,Goodered,2,2.68
5dc414dffc13ae2d4d000339,Virgil,Dunstan,1,2.8
5dc414dffc13ae2d4d00033a,Lennard,Kunzel,2,2.51
5dc414dffc13ae2d4d00033b,Cindee,Frayling,3,2.12
5dc414dffc13ae2d4d00033c,Ofella,Piotrkowski,4,1.98
5dc414dffc13ae2d4d00033d,Reidar,Pampling,1,1.75
5dc414dffc13ae2d4d00033e,Scarface,Kelloway,3,1.22
5dc414dffc13ae2d4d00033f,Darsie,Dudney,2,3.48
5dc414dffc13ae2d4d000340,Clarice,Welham,3,3.88
5dc414dffc13ae2d4d000341,Carolan,Verlinde,2,3.14
5dc414dffc13ae2d4d000342,Miquela,Willford,1,1.89
5dc414dffc13ae2d4d000343,Myer,Cawood,2,1.02
5dc414dffc13ae2d4d000344,Woodman,Tirrell,4,1.43
5dc414dffc13ae2d4d000345,Cari,Sandison,2,3.77
5dc414dffc13ae2d4d000346,Gay,Kamien,3,1.92
5dc414dffc13ae2d4d000347,Vladimir,Slemming,2,2.42
5dc414dffc13ae2d4d000348,Gage,Goggen,4,2.34
5dc414dffc13ae2d4d000349,Binny,Pargeter,1,1.39
5dc414dffc13ae2d4d00034a,Shane,Landells,2,2.1
5dc414dffc13ae2d4d00034b,Kitti,Casely,3,3.51
5dc414dffc13ae2d4d00034c,Hagen,Tregent,3,1.95
5dc414dffc13ae2d4d00034d,Lou,Batrop,1,3.77
5dc414dffc13ae2d4d00034e,Dall,Matantsev,2,3.75
5dc414dffc13ae2d4d00034f,Jerrine,Belward,3,1.53
5dc414dffc13ae2d4d000350,Chelsy,Smithe,1,2.38
5dc414dffc13ae2d4d000351,Ellyn,Tarry,2,3.44
5dc414dffc13ae2d4d000352,Somerset,Halfhead,1,3.83
5dc414dffc13ae2d4d000353,Karia,Janse,4,1.64
5dc414dffc13ae2d4d000354,Roth,Bunyan,3,2.87
5dc414dffc13ae2d4d000355,Wolf,Giacoboni,2,3.55
5dc414dffc13ae2d4d000356,Jewelle,Scaice,2,2.2
5dc414dffc13ae2d4d000357,Darda,Margiotta,2,3.28
5dc414dffc13ae2d4d000358,Annamarie,Glanton,4,2.6
5dc414dffc13ae2d4d000359,Pattin,Roisen,1,1.37
5dc414dffc13ae2d4d00035a,Berri,Beteriss,4,3.48
5dc414dffc13ae2d4d00035b,Juliana,Rudderham,3,1.07
5dc414e0fc13ae2d4d00035c,Mimi,Hanwell,3,3.97
5dc414e0fc13ae2d4d00035d,Lisetta,Rhelton,4,3.56
5dc414e0fc13ae2d4d00035e,Maria,Heffron,1,2.26
5dc414e0fc13ae2d4d00035f,Diann,Tanby,2,3.65
5dc414e0fc13ae2d4d000360,Dino,Rodders,4,3.52
5dc414e0fc13ae2d4d000361,Tremaine,Alexandre,3,3.77
5dc414e0fc13ae2d4d000362,Ian,Mercik,2,3.46
5dc414e0fc13ae2d4d000363,Melba,Lippi,3,3.25
5dc414e0fc13ae2d4d000364,Dee,Jery,1,1.31
5dc414e0fc13ae2d4d000365,Biddy,Pilipyak,1,1.85
5dc414e0fc13ae2d4d000366,Roosevelt,Siemon,3,2.12
5dc414e0fc13ae2d4d000367,Rodge,Dibden,3,2.69
5dc414e0fc13ae2d4d000368,Baron,Chastel,1,2.96
5dc414e0fc13ae2d4d000369,Donella,Alleburton,2,2.52
5dc414e0fc13ae2d4d00036a,Mercedes,Strasse,2,2.25
5dc414e0fc13ae2d4d00036b,Kristyn,Fearenside,4,1.61
5dc414e0fc13ae2d4d00036c,Torrin,Philipsen,4,2.02
5dc414e0fc13ae2d4d00036d,Chevy,Logie,2,2.63
5dc414e0fc13ae2d4d00036e,Jules,Desforges,1,1.53
5dc414e0fc13ae2d4d00036f,Gardner,Easlea,4,2.87
5dc414e0fc13ae2d4d000370,Ivar,Mion,3,1.24
5dc414e0fc13ae2d4d000371,Englebert,Woodworth,4,3.64
5dc414e0fc13ae2d4d000372,Eustacia,Brogan,1,2.83
5dc414e0fc13ae2d4d000373,Merridie,Philippard,2,1.22
5dc414e0fc13ae2d4d000374,Ediva,Bellenie,3,2.03
5dc414e0fc13ae2d4d000375,Corrie,Millins,2,1.36
5dc414e0fc13ae2d4d000376,Sibilla,Haquard,4,1.21
5dc414e0fc13ae2d4d000377,Bartolemo,Seviour,1,3.74
5dc414e0fc13ae2d4d000378,Erina,Bill,3,3.66
5dc414e0fc13ae2d4d000379,Dulci,Rambaut,4,1.35
5dc414e0fc13ae2d4d00037a,Dyanne,Alster,2,3.52
5dc414e0fc13ae2d4d00037b,Miof mela,McKeran,3,3.87
5dc414e0fc13ae2d4d00037c,Harv,Derrett,3,3.83
5dc414e0fc13ae2d4d00037d,Chevalier,Cubbin,1,2.25
5dc414e0fc13ae2d4d00037e,Frederica,Keable,2,1.21
5dc414e0fc13ae2d4d00037f,Clim,Buttle,4,1.11
5dc414e0fc13ae2d4d000380,Ashlee,Grafton,1,2.36
5dc414e0fc13ae2d4d000381,Doroteya,Tingle,1,3.93
5dc414e0fc13ae2d4d000382,Buddie,de Almeida,1,1.68
5dc414e0fc13ae2d4d000383,Basile,Ludwig,4,2.64
5dc414e0fc13ae2d4d000384,Garrett,Brixey,2,2.37
5dc414e0fc13ae2d4d000385,Chantalle,McCluskey,4,3.89
5dc414e0fc13ae2d4d000386,Adaline,Morteo,3,1.21
5dc414e0fc13ae2d4d000387,Albert,Goodbarr,3,3.33
5dc414e0fc13ae2d4d000388,Karine,Woolger,3,1.77
5dc414e0fc13ae2d4d000389,George,Wykey,2,1.26
5dc414e0fc13ae2d4d00038a,Bambie,Toth,2,2.18
5dc414e0fc13ae2d4d00038b,Cordy,Hryskiewicz,3,1.61
5dc414e0fc13ae2d4d00038c,Clarabelle,Shearmer,1,1.94
5dc414e0fc13ae2d4d00038d,Lorens,Childers,4,1.46
5dc414e0fc13ae2d4d00038e,Devi,Blemen,3,2.59
5dc414e0fc13ae2d4d00038f,Adele,Wrightson,4,2.79
5dc414e0fc13ae2d4d000390,Babette,Atwill,4,2.59
5dc414e0fc13ae2d4d000391,Arte,Cicculi,2,1.52
5dc414e0fc13ae2d4d000392,Swen,Milliken,1,1.05
5dc414e0fc13ae2d4d000393,Wendeline,Freda,2,3.32
5dc414e0fc13ae2d4d000394,Massimo,Guerrazzi,2,1.98
5dc414e0fc13ae2d4d000395,Hammad,McGettigan,3,3.58
5dc414e0fc13ae2d4d000396,Rockwell,Chowne,1,2.59
5dc414e0fc13ae2d4d000397,Cosme,Kemmons,1,1.66
5dc414e0fc13ae2d4d000398,Retha,Ackery,4,3.24
5dc414e0fc13ae2d4d000399,Henderson,Cormode,2,1.69
5dc414e0fc13ae2d4d00039a,Conan,Mulvany,2,3.57
5dc414e0fc13ae2d4d00039b,Cassi,Finci,4,2.94
5dc414e0fc13ae2d4d00039c,Suzette,Vollam,3,3.06
5dc414e0fc13ae2d4d00039d,Muire,Schubert,2,2.77
5dc414e0fc13ae2d4d00039e,Tamarah,Curwood,2,2.36
5dc414e0fc13ae2d4d00039f,Wildon,Juanico,3,2.4
5dc414e0fc13ae2d4d0003a0,Hendrika,O'Farris,1,3.02
5dc414e0fc13ae2d4d0003a1,Nat,Persitt,4,1.0
5dc414e0fc13ae2d4d0003a2,Fidelity,Dowers,4,1.34
5dc414e0fc13ae2d4d0003a3,Bucky,Weitzel,3,3.78
5dc414e0fc13ae2d4d0003a4,Cassie,Percy,3,1.75
5dc414e0fc13ae2d4d0003a5,Paulie,Mourgue,4,2.53
5dc414e0fc13ae2d4d0003a6,Jenelle,Yesinin,2,3.49
5dc414e0fc13ae2d4d0003a7,Jacquelin,Haquard,4,1.76
5dc414e0fc13ae2d4d0003a8,Mable,Rulton,3,3.44
5dc414e0fc13ae2d4d0003a9,Lenee,Matysiak,2,2.79
5dc414e0fc13ae2d4d0003aa,Bertrand,Negri,4,2.8
5dc414e0fc13ae2d4d0003ab,Davin,Grimsdith,3,3.66
5dc414e0fc13ae2d4d0003ac,Derron,Waddie,1,3.1
5dc414e0fc13ae2d4d0003ad,Dag,Banville,1,3.48
5dc414e0fc13ae2d4d0003ae,Margaretha,Robelow,3,1.6
5dc414e0fc13ae2d4d0003af,Caprice,Craze,1,3.39
5dc414e0fc13ae2d4d0003b0,Trudi,Waitland,3,1.69
5dc414e0fc13ae2d4d0003b1,Carling,Boylan,1,2.2
5dc414e0fc13ae2d4d0003b2,Deana,Mudge,4,2.54
5dc414e0fc13ae2d4d0003b3,Lewes,Ransome,4,1.16
5dc414e0fc13ae2d4d0003b4,Dean,Titterrell,3,3.32
5dc414e0fc13ae2d4d0003b5,Xerxes,Gonet,3,2.75
5dc414e0fc13ae2d4d0003b6,Maurizia,Canto,4,2.44
5dc414e0fc13ae2d4d0003b7,Gennifer,Hast,1,1.3
5dc414e0fc13ae2d4d0003b8,Woodman,Beatens,3,1.33
5dc414e0fc13ae2d4d0003b9,Jaquenetta,Kruse,3,3.08
5dc414e0fc13ae2d4d0003ba,Jethro,Kees,3,1.23
5dc414e0fc13ae2d4d0003bb,Patty,Palay,2,3.96
5dc414e0fc13ae2d4d0003bc,Madonna,Vasilmanov,1,2.13
5dc414e0fc13ae2d4d0003bd,Munmro,Skyner,4,2.74
5dc414e0fc13ae2d4d0003be,Ronald,Rown,3,1.87
5dc414e0fc13ae2d4d0003bf,Francoise,Lamberti,1,2.18
5dc414e0fc13ae2d4d0003c0,Clarisse,Egdal,1,2.72
5dc414e0fc13ae2d4d0003c1,Shirl,Petrillo,2,1.47
5dc414e0fc13ae2d4d0003c2,Flossy,Acreman,1,2.0
5dc414e0fc13ae2d4d0003c3,Melloney,Ielden,4,2.19
5dc414e0fc13ae2d4d0003c4,Trisha,McMorran,2,2.98
5dc414e0fc13ae2d4d0003c5,Spenser,Sneyd,1,1.85
5dc414e0fc13ae2d4d0003c6,Dael,Di Matteo,3,2.59
5dc414e0fc13ae2d4d0003c7,Loraine,Welburn,1,2.1
5dc414e0fc13ae2d4d0003c8,Samuele,Challicum,4,1.47
5dc414e0fc13ae2d4d0003c9,Dulcia,Streets,3,3.65
5dc414e0fc13ae2d4d0003ca,Kinna,Woollaston,1,1.54
5dc414e0fc13ae2d4d0003cb,Wesley,Grayne,2,2.57
5dc414e0fc13ae2d4d0003cc,Crosby,Winstanley,1,2.95
5dc414e0fc13ae2d4d0003cd,Carlen,Cottage,4,1.26
5dc414e0fc13ae2d4d0003ce,Ami,Crutch,3,1.17
5dc414e0fc13ae2d4d0003cf,Randie,Sylvester,2,3.86
5dc414e0fc13ae2d4d0003d0,Thekla,Somner,3,1.05
5dc414e0fc13ae2d4d0003d1,Christy,Gabbatiss,1,3.16
5dc414e0fc13ae2d4d0003d2,Ida,Montgomery,2,1.6
5dc414e0fc13ae2d4d0003d3,Alaric,Blackstock,2,2.26
5dc414e0fc13ae2d4d0003d4,Myriam,Alderson,3,2.19
5dc414e0fc13ae2d4d0003d5,Rafael,Stanion,4,1.39
5dc414e0fc13ae2d4d0003d6,Tonia,Faiers,4,2.52
5dc414e0fc13ae2d4d0003d7,Clarance,Devaney,4,2.1
5dc414e0fc13ae2d4d0003d8,Erminia,Headly,4,1.79
5dc414e0fc13ae2d4d0003d9,Leeanne,Thornton,2,2.26
5dc414e0fc13ae2d4d0003da,Harriet,Marzelo,4,3.16
5dc414e0fc13ae2d4d0003db,Cassandra,Kiddell,4,3.15
5dc414e0fc13ae2d4d0003dc,Dolly,Frascone,4,1.1
5dc414e0fc13ae2d4d0003dd,Tina,Bohlin,2,1.43
5dc414e0fc13ae2d4d0003de,Stormy,Shevels,1,1.15
5dc414e0fc13ae2d4d0003df,Karita,Algore,4,3.62
5dc414e0fc13ae2d4d0003e0,Inessa,Meenan,2,2.34
5dc414e0fc13ae2d4d0003e1,Niko,Rummer,2,3.74
5dc414e0fc13ae2d4d0003e2,Bevan,Imort,4,2.8
5dc414e0fc13ae2d4d0003e3,Danielle,Largen,4,1.5
5dc414e0fc13ae2d4d0003e4,Jaclin,Linford,1,1.06
5dc414e0fc13ae2d4d0003e5,Inga,Clemerson,1,2.09
5dc414e0fc13ae2d4d0003e6,Shelby,Dallas,2,1.09
5dc414e0fc13ae2d4d0003e7,Rosette,Kerrod,4,2.14
